{
	"ADMIN": ["994292911","106664970559455336600","114677016480784393314","114556978768255789611","103764468925299796714"],
	"MAIN_PORTS": [ 8080,8090 ],
	"KKUTUHOT_PATH": "/kkutu/data/kkutuhot.json",
	"PASS":"steve513",
	"PG_USER": "postgres",
	"PG_PASSWORD": "steve513",
	"PG_PORT": 5432,
	"PG_DATABASE": "main",
	"GOOGLE_RECAPTCHA_TO_GUEST": false,
	"GOOGLE_RECAPTCHA_TO_USER": false,
	"GOOGLE_RECAPTCHA_SITE_KEY": "Your Google Recaptcha site key Here",
	"GOOGLE_RECAPTCHA_SECRET_KEY": "Your Google Recaptcha secret key Here",
	"IS_SECURED": false,
	"SSL_OPTIONS": {
		"PRIVKEY": "Your SSL Private Key Here",
		"CERT": "Your SSL Certificate Here",
		"CA": "Your SSL CA-Bundle Here",
		"PFX": "Your PFX Bundle Here",
		"isPFX": false,
		"isCA": false
	}
}
